text,correct_answer,answer_a,answer_b,answer_c,answer_d,difficulty,category
In der Vorweihnachtszeit beschenkt man sich anonym beim…?,1,Wichteln,Gnomeln,Knorpseln,Zwergeln,5,Einstieg
Gibt man in einem englischen Restaurant Trinkgeld, bekommt der Kellner einen…?,1,Tip,Ratschlag,Hinweis,Wink,4,Einstieg
Damit er warm hält, ist ein Wintermantel oft gut…?,1,gefüttert,gewickelt,gewaschen,gepudert,2,Einstieg
Was ist in der Wappenkunde ein gängiger Begriff?,1,Doppeladler,Sologeier,Triokondor,Halver Hahn,3,Einstieg
Wenn's schnell gehen soll, sollte man nicht lange…?,1,fackeln,lampen,kerzen,leuchten,4,Einstieg
Wie wird der 11. November im Kirchenjahr genannt?,1,Martini,Campari,Cinzano,Ramazotti,1,Einstieg
Ein Grobian benimmt sich oft…?,1,ungehobelt,ungesägt,ungeschnitzt,ungedrechselt,5,Einstieg
Mit wem redet man selten mehr als  »Guten Tag« und »Auf Wiedersehen«?,1,flüchtigen Bekannten,Kumpeln im Knast,verhafteten Freunden,gesuchten Nachbarn,5,Einstieg
Um eine Redewendung reicher wurde der deutsche Wortschatz durch Achilles und seine…?,1,Ferse,Strofen,Zailen,Raime,1,Einstieg
Was schwingt ein Dirigent bei der Arbeit?,1,Taktstock,Rebstock,Schraubstock,Krückstock,5,Einstieg
Wer spielt in jeder Fußballmannschaft mit?,1,Verteidiger,Richter,Angeklagter,Staatsanwalt,2,Einstieg
Womit ist der Fisch im Rahmen der Fortpflanzung beschäftigt?,1,Laichen,Skelethe,Muhmien,Gebaine,2,Einstieg
Die Verlobte ist die Ehefrau in…?,1,spe,pärsil,korall,suhnil,5,Einstieg
Was macht ein Franzose, der nur mäßig Deutsch spricht, aus einem »harmlosen Henkel«?,1,armloser Enkel,zahnloser Opa,kopfloser Vater,Sohn ohne Muckis,5,Einstieg
Bereitet etwas ständig Probleme, steht man damit auf…?,1,Kriegsfuß,Plattfuß,Schweißfuß,Pferdefuß,2,Einstieg
Was machen Menschen, die sich zu ihrem Vorteil entwickeln?,1,sich mausern,balzen,Eier legen,nisten,1,Einstieg
Besonders dumme Menschen nennt man auch…?,1,Vollpfosten,Halbmast,Kantholz,Viertelstab,5,Einstieg
Den Geburtstag nennt man auch…?,1,Wiegenfest,Laufstallparty,Windeljubiläum,Schnullersause,1,Einstieg
Inmitten der Finanzkrise 2008 beruhigte Angela Merkel nicht nur die älteren Sparer mit den Worten »Ihre …«?,1,Einlagen sind sicher,Hörgeräte funktionieren,Stützstrümpfe halten,Prothesen sitzen fest,1,Einstieg
Welche Bezeichnung für im Schiffsbau tätige Personen  ist keineswegs als Aufforderung gemeint?,1,Werftarbeiter,Stoßtbeamte,Schmeißtbeschäftigte,Schubstangestellte,6,Einstieg
Worunter leidet so manche Gitarre?,1,verzogener Hals,rozfrecher Rücken,unhöfliches Bein,vorlauter Arm,6,Einstieg
Was wird hauptsächlich von Kindern gespielt?,1,Völkerball,Nationenball,Staatenball,Länderball,6,Einstieg
Was versteht man unter Welfen?,1,Adelsgeschlecht,junge Hunde,Waldgeister,Hardrockband,8,Einstieg
In welchem Wort sind zwei US-Präsidenten ›geparkt‹?,1,Bushaltestelle,Autobahnrastplatz,Tiefgarage,Waschstraße,7,Einstieg
Was hat nichts mit einem kirchlichen Fest zu tun?,1,Osterweiterung,Pfingstochse,Weihnachtslied,Nikolausabend,10,Einstieg
Alle Schiffe eines Staates bilden eine…?,1,Flotte,Flinke,Hurtige,Eilige,8,Einstieg
Von jemandem, der sich nicht so zieren soll, verlangt man: »Sei kein …«?,1,Frosch,Biber,Otter,Grottenolm,8,Einstieg
Was legt ein Arzt seinen Patienten sicher nicht an?,1,Dachverband,Streckverband,Wundverband,Gipsverband,9,Einstieg
Was reift am Baum und ist zum Verzehr geeignet?,1,Klarapfel,Augapfel,Zankapfel,Pferdeapfel,9,Einstieg
In erster Linie als Heilverfahren diente Medizinern früher das…?,1,Schröpfen,Ausnehmen,Abzocken,Plündern,10,Einstieg
Was wird bei britischen Autos mit dem Kürzel »mph« angegeben?,1,Geschwindigkeit,Hubraum,Spritverbrauch,Zylinderanzahl,6,Einstieg
Können Sie den Namen des griechischen Hirtengottes nennen?,1,Ja, Pan,Ne, Pal,Hong, Kong,Chi, Na,8,Einstieg
Wozu benötigt man die gelb-grüne Leitung eines normalen Stromkabels?,1,erden,wässern,feuern,lüften,8,Einstieg
Wie lange braucht das Licht vom Mond bis zur Erde?,1,ca. eine Sekunde,ca. eine Minute,ca. eine Stunde,ca. zehn Sekunden,9,Weltall
Welcher dieser Planeten ist ein Gasriese?,1,Saturn,Mars,Venus,Merkur,10,Weltall
Welcher dieser Planeten ist ein Gasriese?,1,Jupiter,Mars,Venus,Merkur,8,Weltall
Haar- oder Schweifsterne sind…?,1,Kometen,Asteroiden,Jupitermonde,Hirngespinste,8,Weltall
Wie heißt in userem Sonnensystem der sonnennächste Planet?,1,Merkur,Mars,Venus,Jupiter,11,Weltall
Wie heißt der Mond der Venus?,1,Die Venus hat keinen Mond.,Eros,Brutus,Nero,13,Weltall
Wie heißt der größte Planet in userem Sonnensystem?,1,Jupiter,Saturn,Neptun,Uranus,13,Weltall
Welcher Planet wurde 1994 vom Shoemaker-Levy-Kometen getroffen?,1,Jupiter,Mars,Venus,Merkur,12,Weltall
Kein Mond ist…?,1,Merkur,Ganymed,Io,Europa,11,Weltall
Kein Planet ist…?,1,Ganymed,Saturn,Neptun,Merkur,15,Weltall
Monde des Jupiters sind,1,Io und Europa,Merkur und Venus,Deimos und Phobos,Titan und Rhea,15,Weltall
Wie heißt der ehemalige Bundeskanzler Schröder mit Vornamen?,1,Gerhard,Helmut,Konrad,Heinz,2,Geschichte
Wann war der Erste Weltkrieg?,1,1914 - 1918,1967 - 1971,1939 - 1945,1889 - 1895,8,Geschichte
Wann war der Zweite Weltkrieg?,1,1939 - 1945,1967 - 1971,1914 - 1918,1889 - 1895,9,Geschichte
Wie hieß der letzte deutsche Kaiser?,1,Wilhelm II,Paul VI,August II,Friedrich II,8,Geschichte
Von wann bis wann bestand die Weimarer Republik?,1,1919 - 1933,1871 - 1918,1914 - 1918,1933 - 1945,8,Geschichte
Wer war nicht deutscher Bundeskanzler?,1,Walter Scheel,Helmut Kohl,Konrad Adenauer,Kurt Georg Kiesinger,9,Geschichte
In welchem Land liegt Auschwitz, das ehemals größte Vernichtungslager der Nationalsozialisten, heute?,1,Polen,Ukraine,Tschechien,Deutschland,9,Geschichte
Wie nannte man die Staatsform mit einem allmächtigen, von Gott eingesetzten König an der Spitze?,1,Absolutismus,Protestantismus,Feudalismus,Merkantilismus,6,Geschichte
Welche Herrschaftsform verbindet man mit dem französischen  König Ludwig XIV?,1,Absolutismus,Feudalismus,Idealismus,Despotismus,6,Geschichte
Welcher Bundeskanzler hatte vor Angela Merkel die längste Amtszeit?,1,Helmut Kohl,Willi Brand,Helmut Schmidt,Konrad Adenauer,6,Geschichte
Wie heißt eine Stadt heute, in der eine deutsche Armee im Zweiten Weltkrieg nach einer der größten Schlachten kapitulierte?,1,Wolgograd,Leningrad,Belgrad,Petrograd,11,Geschichte
Wie hätte Adolf Hitler geheißen, wenn sein Vater nicht eine Namensänderung hätte durchführen lassen?,1,Schicklgruber,Manninger,Lindenberger,Fuchsbichler,14,Geschichte
Welchen Beinamen trug der von 1661-1715 in Frankreich regierende König Ludwig XIV.?,1,Sonnenkönig,Kreuzkönig,König der Herzen,Volkskönig,15,Geschichte
Im amerikanischen Bürgerkrieg standen sich die Unionisten und die…gegenüber?,1,Konföderierten,Demokraten,Republikaner,Monarchisten,14,Geschichte
Wann öffneten sich die Grenzen zur DDR?,1,1989,1988,1987,1990,12,Geschichte
Wie hieß der erste Präsident der Bundesrepublik Deutschland?,1,Theodor Heuss,Helmut Schmidt,Kurt-Georg Kiesinger,Walter Scheel,12,Geschichte
Wer war vor Wolfgang Clement Ministerpräsident in Nordrhein-Westfalen?,1,Johannes Rau,Erwin Teufel,Oskar Lafontaine,Gerhard Schröder,14,Geschichte
Welcher deutsche Bundeskanzler musste wegen einer Spionage-Affäre zurücktreten?,1,Willy Brandt,Helmut Schmidt,Kurt-Georg Kiesinger,Rainer Barzel,11,Geschichte
Wer war der erste Kanzler der Bundesrepublik Deutschland?,1,Konrad Adenauer,Willy Brandt,Ludwig Erhard,Kurt Schuhmacher,15,Geschichte
Wodurch wurde der Dreißigjährige Krieg im Jahr 1648 beendet?,1,Westfälischer Frieden,Bayerischer Frieden,Hessischer Frieden,Sächsischer Frieden,14,Geschichte
Kein Präsident der Vereinigten Staaten von Amerika war,1,Winston Churchill,Jimmy Carter,George Washington,Theodore Roosevelt,13,Geschichte
Wer hat im 16. Jahrhundert herausgefunden, dass die Sonne im Zentrum des Sonnensystems steht und von der Erde umkreist wird?,1,Kopernikus,Galilei,Einstein,Gutenberg,14,Geschichte
Wann entdeckte Kolumbus Amerika?,1,1492,1901,1399,1789,14,Geschichte
Welcher deutsche Bundeskanzler erhielt den Friedensnobelpreis?,1,Willy Brandt,Helmut Schmidt,Kurt-Georg Kiesinger,Rainer Barzel,12,Geschichte
In welchem Jahr wurde der Staat Israel gegründet?,1,1948,1944,1955,1961,13,Geschichte
Wann trat (in den alten Bundesländern) das Grundgesetz in Kraft?,1,24. 5. 1949,1.11.1947,8. 5. 1948,17.6.1953,14,Geschichte
Wie viele Bundesländer gibt es in Deutschland?,1,16,18,11,12,8,Politik
Wer war der erste SPD-Vorsitzende nach dem Zweiten Weltkrieg?,1,Schumacher,Frenzen,Heidfeld,Rosberg,14,Politik
Ein Abstimmungsverfahren im Parlament ist der …,1,Hammelsprung,Seitensprung,Eisprung,Bocksprung,14,Politik
Keine Partei im deutschen Bundestag,1,Zentrum,SPD,FDP,CDU,12,Politik
Wer hat im Verteidigungsfall die Befehls- und Kommandogewalt über die deutschen Streitkräfte?,1,der Bundeskanzler,der Verteidigungsminister,der Bundespräsident,der Generalfeldmarschall,13,Politik
Wie viele Wählerstimmen braucht eine Partei mindestens, um in den deutschen Bundestag einzuziehen?,1,Fünf Prozent der abgegebenen Stimmen,15.000,eine,Elf Prozent der abgegebenen Stimmen,14,Politik
»Sah' ein Knab' … «,1,ein Röslein steh'n.,ein Windlein weh'n.,ein Fräulein geh'n.,zwei Elstern kräh'n.,2,Musik
Ene mene miste …,1,es rappelt in der Kiste.,ich sehe auf die Liste.,es scheppert auf der Piste.,Kukuck sprach: Nie niste!,3,Musik
»Eine kleine Nachtmusik« schrieb,1,Wolfgang Amadeus Mozart,Franz Schubert,Ludwig van Beethoven,Richard Wagner,1,Musik
Wofür stehen die Buchstaben ABBA?,1,Agnetha, Björn, Benny, Anni-Frid,Anton, Berta, Berta, Anton,Auch bekloppte Bauern angeln.,Alle bekloppte Bauern angeln.,8,Musik
Die Klarinette ist ein …,1,Holzblasinstrument,Blechblasinstrument,Saiteninstrument,Schlaginstrument,7,Musik
Wie beginnt die deutsche Nationalhymne?,1,Einigkeit und Recht und Freiheit,Deutschland, Deutschland über alles,Hol' mir mal 'ne Flasche Bier,In München steht ein Hofbräuhaus,8,Musik
Von wem stammt der Titel »Frozen«?,1,Madonna,Brittney Spears,Lady Gaga,Lana Del Rey,6,Musik
Welcher der Beatles wurde 1980 auf offener Straße erschossen?,1,John,Paul,George,Ringo,7,Musik
Welcher der Beatles starb 2001 an Krebs?,1,George,Paul,John,Ringo,7,Musik
Wer war der »König des Rock'n Roll«?,1,Elvis Presley,Cat Stevens,Phil Collins,Jimmy Hendrix,8,Musik
Den Walzer »An der schönen, blauen Donau« schrieb,1,Johann Strauß,Edvard Grieg,Friedrich Smetana,Georg Friedrich Händel,6,Musik
Welche Note folgt in der Tonleiter auf h?,1,c,g,i,f,7,Musik
Wer komponierte die deutsche Nationalhymne?,1,Joseph Haydn,Richard Wagner,Willibald Gluck,Dieter Bohlen,6,Musik
Die »Symphonie mit dem Paukenschlag« stammt von,1,Joseph Haydn,Ludwig van Beethoven,Franz Schubert,Johann Sebastian Bach,10,Musik
Wer sang, dass das Leben erst mit 66 Jahren anfängt?,1,Udo Jürgens,Roland Kaiser,Wolfgang Petry,Dieter Bohlen,9,Musik
Welcher Name passt hier nicht?,1,Phil,Paul,John,George,14,Musik
Aus welcher deutschen Stadt kommt die Rockgruppe BAP?,1,Köln,Düsseldorf,Dortmund,Bochum,15,Musik
Welcher war der jüngste der Beatles?,1,George,Paul,John,Ringo,12,Musik
Kein Film der Beatles war,1,Sgt. Pepper,Magical Mystory Tour,Yellow Submarine,Help,12,Musik
Wie hieß der große Stummfilm-Komiker Chaplin mit Vornamen?,1,Charlie,Jack,Gerald,Joseph,2,Film
Hollywood liegt in der Nähe von,5,Laurel und Hardy,Meckie und Messer,Holmes und Watson,Pat und Patachon,10,Film
In welchem Königreich handelt die Geschichte von Shrek?,1,Weit Weit Weg,Gleich Um Die Ecke,Ganz Nah Dran,Hinterm Mond,8,Film
Wer spielte den trotteligen Inspektor in »Der rosarote Panter«?,1,Peter Sellers,David Niven,Gary Grant,Jerry Lewis,10,Film
Welcher dieser Filme stammt nicht von Steven Spielberg?,1,Die unendliche Geschichte,E.T. - Der Außerirdische,Jurassic Park,Jäger des verlorenen Schatzes,13,Film
Wer ging als »Schätzchen« in die deutsche Filmgeschichte ein?,1,Uschi Glas,Nena,Hildegard Knef,Romy Schneider,11,Film
Film mit Heinz Erhardt?,1,Natürlich die Autofahrer,Der Hauptmann von Köpenick,Keine Angst vor großen Tieren,Ein Mann geht durch die Wand,14,Film
Wen spielt Harrison Ford in »Der Jäger des verlorenen Schatzes«?,1,Indiana Jones,James Bond,Crocodile Dundee,Peter Pan,10,Film
Wo spielt der Filmklassiker »Der dritte Mann«?,1,Wien,Los Angeles,Paris,Berlin,15,Film
Kein James Bond Film,1,Agentenpoker,Man lebt nur zweimal,Octopussy,Goldfinger,12,Film
Kein James Bond Darsteller,1,Steve McQueen,Sean Connery,Timothy Dalton,Roger Moore,14,Film
Kein Film von Alfred Hitchcock,1,Krieg der Welten,Familiengrab,Der unsichtbare Dritte,Die Vögel,14,Film
Kein Film von Stephen King,1,Wir,Carie,Sie,Es,12,Film
Wer spielte den James Bond in Golden Eye?,1,Pierce Brosnan,Roger Moore,Jean Connery,Timothy Dalton,14,Film
Welcher Schauspieler war in mehreren Filmen DonCamillos Gegenspieler Peppone?,1,Gino Cervi,Gary Grant,Marcello Mastrojani,Lino Ventura,14,Film
Wer spielte Mundharmonika in »Spiel mir das Lied vom Tod«?,1,Charles Bronson,Clint Eastwood,Gary Cooper,Henry Fonda,11,Film
Wie hieß der Freund von Miss Marple?,1,Mr. Stringer,Mr. Witherspoon,Mr. Spinalzo,Mr. Buchanan,14,Film
Wer spielte 1958 die Hauptrolle in »Der alte Mann und das Meer«?,1,Spencer Tracy,Anthony Quinn,Charlton Heston,Henry Fonda,15,Film
Wer spielte den Nero in »Quo vadis«?,1,Peter Ustinov,Gerd Fröbe,Sean Connery,Charlton Heston,15,Film
Wer spielte in den 60ern in mehreren Filmen den Grafen Dracula?,1,Christopher Lee,Peter Ustinov,Charlton Heston,Henry Fonda,12,Film
In welcher Weltraum-Saga ist oft von der »Macht« die Rede?,1,Krieg der Sterne,Orion,Flucht vom Mars,Babylon V,2,Film
Welches Monster verwüstet in mehreren Filmen die Küstenstädte Japans?,1,Godzilla,Albatros,Mozilla,Pokèmon,6,Film
»Hinter eines Baumes Rinde …«?,5,,,,,7,Literatur
Nicht von Shakespeare ist :,1,Des Widerspenstigen Zähmung,Ein Sommernachtstraum,Romeo und Julia,Was ihr wollt,11,Literatur
Wie heißt der einbeinige Kapitän, der hinter Moby Dick her ist?,1,Kapitän Ahab,Kapitän Niob,Kapitän Blaubär,Kapitän Buchanan,15,Literatur
Welcher bayrischer Schriftsteller schrieb die »Lausbubengeschichten«?,1,Ludwig Thoma,Ludwig Ganghofer,Alois Harbeck,Thomas Hüsken,11,Literatur
Wie heißt der berühmteste Fernsehpanther mit Vornamen,5,,,,,2,Fernsehen
Wer gehörte *nicht* zur englischen Komikertruppe »Monty Python«?,5,Esther Schweins,Anke Engelke,Ingolf Lück,Bastian Pastevka,14,Fernsehen
Keine Fernsehsendung,1,Zack Zack,Talk Talk Talk,Ruck Zuck,Dalli Dalli,8,Fernsehen
Wie heißt der Chef von Adelheid in der gleichnamigen Krimiserie?,1,Strobel,Baumann,Schnabel,Neumann,6,Fernsehen
Diesen Fernsehsender gab es mal:,1,Viva,Klasse!,Prima,'luja,2,Fernsehen
Wer spielte den »Inspektor Columbo«?,1,Peter Falk,Telly Savalas,Charles Bronson,Martin Landau,7,Fernsehen
Wer gehörte nicht zur ersten Staffel von »Raumschiff Enterprise«?,1,Riker,Kirk,Spock,Scotty,10,Fernsehen
Wie heißt der Androide in der SF-Serie »Raumschiff Enterprise«?,1,Data,Delta,Gamma,Beta,9,Fernsehen
Nicht von der Augsburger Puppenkiste ist,1,Der fliegende Ferdinand,Urmel aus dem Eis,Jim Knopf und die wilde 13,Kleiner König Kalle Wirsch,6,Fernsehen
Berühmte Krimiserie, schon etwas älter,1,Stahlnetz,Waffenschein,Panzerglas,Stahlbeton,14,Fernsehen
Keine Nachrichtensendung,1,Tagesshow,Aktuelle Stunde,Tagesschau,Heute,5,Fernsehen
Wer moderierte über viele Jahre die Sendung »Einer wird gewinnen«?,1,Hans Joachim Kulenkampf,Peter Frankenfeld,Eduard Zimmermann,Hans Rosenthal,12,Fernsehen
Wer moderierte früher die Ratesendung »Was bin ich«?,1,Robert Lemke,Thomas Gottschalk,Heinz Mägerlein,Illja Richter,10,Fernsehen
Wer war einer der Helden von Bern?,5,,,,,8,Sport
Wo werden jedes Jahr im Sommer viele kleine Bälle mit Schlägern ›verdroschen‹?,1,Wimbledon,Westfalenhalle,Indianapolis,Volksparkstadion,10,Sport
Wo fanden die Olympischen Sommerspiele 1972 statt?,1,München,Tokio,Rom,Athen,8,Sport
Welcher Formel-1-Rennfahrer verbarg seit einem schweren Unfall seine Ohren meistens unter einer Kappe?,1,Niki Lauda,Emerson Fitipaldi,Michael Schuhmacher,Harald Frenzen,15,Sport
Wie heißen die amerikanischen Viehhirten?,1,Cowboys,Ranger,Farmer,Maurer,1,Erdkunde
Diese Stadt gibt es wirklich :,1,Frankfurt,Ottokopf,Willibein,Heinzohr,1,Erdkunde
Die Zeichenerklärung einer Karte heißt…?,1,Legende,Geschichte,Sage,Fabel,2,Erdkunde
Diese Silbe hat etwas mit Erdkunde zu tun:,1,Geo,Leo,Neo,Deo,1,Erdkunde
Welche ist  keine  Nordfriesische Insel?,1,Mallorca,Sylt,Amrum,Föhr,6,Erdkunde
Wo findet man das »Deutsche Eck«?,1,Koblenz,Aachen,Flensburg,Schaffhausen,7,Erdkunde
Wie heißt die Hauptstadt Belgiens?,1,Brüssel,Aachen,Amsterdam,Ostende,7,Erdkunde
Diesen See gibt es wirklich:,1,Aralsee,Essosee,Deasee,Shellsee,7,Erdkunde
In welcher Stadt steht der Big Ben?,1,London,New York,Boston,Paris,7,Erdkunde
Die Themse fließt durch…?,1,London,Paris,Prag,Rom,10,Erdkunde
Die Schweiz findet man…?,1,im Herzen Europas,im Magen Australiens,in der Milz Afrikas,in der Leber Asiens,7,Erdkunde
Wie heißt eine Stadt in Bayern?,1,Amberg,Imtal,Hintermmond,Vormfluss,8,Erdkunde
Welcher dieser Kanäle wurde nicht künstlich geschaffen?,1,Ärmelkanal,Panamakanal,Dortmund-Ems-Kanal,Suez-Kanal,6,Erdkunde
Wie heißt die Landeshauptstadt von Nordrhein-Westfalen?,1,Düsseldorf,Münster,Köln,Bonn,8,Erdkunde
Wie heißt die Landeshauptstadt von Sachsen?,1,Dresden,Magdeburg,Erfurt,Leipzig,9,Erdkunde
Wie heißt die Landeshauptstadt von Hessen?,1,Wiesbaden,München,Frankfurt,Stuttgart,8,Erdkunde
Kein Bundesland ist,1,Mecklenburg-Anhalt,Bayern,Niedersachsen,Hessen,7,Erdkunde
Welcher deutsche Fluss mündet im Schwarzen Meer?,1,Donau,Elbe,Rhein,Oder,9,Erdkunde
Welcher deutsche Fluss fließt nicht durch Europa?,1,Mississippi,Elbe,Rhein,Oder,7,Erdkunde
Welcher deutsche Fluss fließt nicht durch Europa?,1,Amazonas,Elbe,Rhein,Oder,9,Erdkunde
Gehört nicht zu Europa…?,1,Sudan,Polen,Dänemark,Frankreich,8,Erdkunde
Welches Bundesland hat die größte Fläche…?,1,Bayern,Hessen,NRW,Sachsen,7,Erdkunde
Welches Instrument ist sowohl in Bulgarien als auch in Rumänien als Nationalinstrument bekannt?,1,Panflöte,Balalaika,Schlagzeug,Mundorgel,9,Erdkunde
Durch den Grand Canyon fließt…?,1,der Colorado,der Rio Grande,der Mississippi,der Sacramento,9,Erdkunde
Ist von Westen nach Osten länger als von Norden nach Süden…?,1,Österreich,Italien,Norwegen,Schweden,9,Erdkunde
Welche Insel gehört zu Frankreich?,1,Korsika,Sizilien,Kreta,Sardinien,9,Erdkunde
Welches dieser Länder liegt am Meer?,1,Italien,Österreich,Ungarn,Schweiz,6,Erdkunde
Welche dieser Städte liegt südlich des Äquators?,1,Rio de Janeiro,Athen,Moskau,New York,9,Erdkunde
Liegt westlich vom nullten Längenkreis…?,1,Lissabon,Rom,Berlin,Helsinki,10,
Was bleibt auch nach Wegfall von zwei Buchstaben Name einer europäischen Hauptstadt?,1,Berlin,Rom,London,Paris,7,Erdkunde
Welches Land gehört nicht zu Skandinavien?,1,Italien,Schweden,Finnland,Norwegen,9,Erdkunde
Welches Land gehört nicht zu Skandinavien?,1,Spanien,Schweden,Finnland,Norwegen,6,Erdkunde
Welches Land gehört nicht zu Skandinavien?,1,Lettland,Schweden,Finnland,Norwegen,9,Erdkunde
Welches Land gehört nicht zu Skandinavien?,1,Belgien,Schweden,Finnland,Norwegen,10,Erdkunde
Wie heißt die Landeshauptstadt von Brandenburg?,1,Potsdam,Oranienburg,Cottbus,Brandenburg,8,Erdkunde
Wie entstand das Nördlinger Ries?,1,durch einen Meteoriteneinschlag,durch eine Sprengung,durch ein Erdbeben,durch den Fußtritt eines Riesen,10,Erdkunde
Auf welchem Kontinent lebt mehr als die Hälfte der Menschheit?,1,Asien,Amerika,Afrika,Europa,10,Erdkunde
Welche Stadt war vor Berlin die Hauptstadt Deutschlands?,1,Bonn,Düsseldorf,Köln,München,9,Erdkunde
In welchem Ozean liegen die Fidschi-Inseln?,1,Im Pazifik,Im Atlantik,Im Indischen Ozean,Im Kaspischen Meer,6,Erdkunde
Welcher Fluss entspringt in Deutschland und mündet in Rumänien ins Meer?,1,Donau,Elbe,Rhein,Wolga,9,Erdkunde
Dieser Fluss mündet nicht ins Mittelmeer:,1,Donau,Rhone,Ebro,Po,9,Erdkunde
Der Mont Blanc ist der höchste Berg…?,1,Europas,Asiens,Afrikas,Südamerikas,11,Erdkunde
Welche dieser Wüsten gehört zu Ägypten?,1,Sinai,Atacama,Namib,Kalahari,14,Erdkunde
Wie heißt die Hauptstadt von Rumänien?,1,Bukarest,Sofia,Prag,Budapest,14,Erdkunde
Aus welchem Land kommt ein Käse namens Greyerzer?,1,Aus der Schweiz,Aus Holland,Aus Österreich,Aus Ungarn,13,Erdkunde
Wie heißt die Hauptstadt der Tschechischen Republik?,1,Prag,Sofia,Bukarest,Budapest,13,Erdkunde
Wie heißt die Hauptstadt Ägyptens?,1,Kairo,Assuan,Alexandria,Giseh,15,Erdkunde
Welche ist die größte Nordfriesische Insel?,1,Sylt,Amrum,Pellworm,Föhr,14,Erdkunde
Welches Bundesland grenzt an die Schweiz?,1,Baden - Württemberg,Thüringen,Sachsen,Hessen,13,Erdkunde
Von wo aus berechnet man die Höhe eines Berges?,1,Vom Meesresspiegel,Der Spitze des Berges,Von der Mitte des Berges,Vom Boden des Berges,13,Erdkunde
In welchem deutschen Bundesland gehört die Lodenjacke zur Tracht?,1,Bayern,Sachsen,Thüringen,Mecklenburg- Vorpommern,14,Erdkunde
Aus welchem Land kommen die Jaffa-Orangen?,1,Aus Israel,Aus der Türkei,Aus Mittelafrika,Aus Asien,13,Erdkunde
In welcher deutschen Stadt kann man das Nymphenburger Schloss besichtigen?,1,München,Münster,Hamburg,Stuttgart,14,Erdkunde
Welches Land bildet die Westgrenze zu Ägypten?,1,Libyen,Algerien,Sudan,Mali,14,Erdkunde
Was verläuft ungefähr entlang des 180. Längengrades?,1,Datumsgrenze,Äquator,Südlicher Wendekreis,Nullmeridian,13,Erdkunde
Welches dieser Länder liegt  nicht in derselben Zeitzone wie die drei anderen?,1,Großbritannien,Frankreich,Deutschland,Spanien,13,Erdkunde
Wie heißt die Hauptstadt von Venezuela?,1,Caracas,Lima,Brasila,Monte Vidéo,14,Erdkunde
Wer ist für das milde Klima in Europa verantwortlich?,1,Der Golfstrom,Der Humboldstrom,Die Alpen,Die Arktis,12,Erdkunde
Welcher Fluss fließt durch Budapest?,1,Donau,Moldau,Spree,Elbe,11,Erdkunde
Welche Aussage trifft für Längenkreise zu?,1,Sie sind gleich groß.,Sie verlaufen von Westen nach Osten.,Sie sind parallel.,Sie verlaufen von Osten nach Westen.,13,Erdkunde
Die Quellen von Euphrat und Tigris liegen,1,in der Türkei.,in Bulgarien.,in Griechenland.,in Jordanien.,13,Erdkunde
Welches dieser Bundesländer trägt nicht den Titel Freistaat?,1,Niedersachsen,Sachsen,Bayern,Thüringen,12,Erdkunde
Welches Tier ist auf dem Landeswappen von Niedersachsen?,1,weißes Pferd,brauner Bär,weißer Adler,schwarzer Adler,12,Erdkunde
Reden ist Silber, Schweigen ist …,5,,,,,4,Sprichwörter
Was du heute kannst besorgen, …,1,das verschiebe nicht auf morgen.,tu' am besten übermorgen.,wird morgen auch nicht leichter.,erledigt sich auch morgen.,5,
Übermut,1,tut selten gut.,sei auf der Hut!,kommt vor dem Fall.,kommt nach dem Mut.,1,Sprichwörter
Hochmut kommt vor dem …,1,Fall.,Strick.,Übermut.,TÜV.,4,Sprichwörter
Wer Wind sät, …,1,wird Sturm ernten.,fliegt leicht davon.,muss die Läden schließen,muss die Segel streichen.,4,Sprichwörter
Müßiggang …,1,ist aller Laster Anfang.,ist dem Reichen vorbehalten.,hat noch nie geschadet.,bei Lautenklang.,5,Sprichwörter
Mit Speck …,1,fängt man Mäuse.,brät es sich leichter.,fängt man Fliegen.,verdirbt man den Brei.,3,Sprichwörter
Die Zeit …,1,heilt alle Wunden.,ist kostbarer als Silber.,ist kostbarer als Gold.,hat Gold im Mund.,3,Sprichwörter
Die dümmsten Bauern haben …,1,die dicksten Kartoffeln.,die meiste Milch.,die fettesten Schweine.,die längste Leitung.,4,Sprichwörter
Ausnahmen,1,bestätigen die Regel.,werden selten gemacht.,werden nicht gemacht.,gibt's immer.,1,Sprichwörter
Was der Bauer nicht weiß …,1,macht ihn nicht heiß.,bringt ihn in Schweiß.,macht ihn ganz heiß.,kostet viel Schweiß.,5,Sprichwörter
Not,1,macht erfinderisch.,braucht Jod.,ist besser als Tod.,macht alles rot.,7,Sprichwörter
In der Not,1,frisst der Teufel Fliegen.,lernt man zu teilen.,wird man erfinderisch.,wird alles rot.,8,Sprichwörter
Keine Kette ist stärker als …,1,ihr schwächstes Glied.,ihr erstes Glied.,ein dickes Seil.,ihr letztes Glied.,6,Sprichwörter
Wer zuletzt lacht,,1,lacht am besten.,hat den Witz nicht verstanden.,hat die längste Leitung,hat mehr davon.,6,Sprichwörter
Was kann bis zu 10m hoch werden?,5,,,,,5,Pflanzen
Ein guter Speisepilz ist der,1,Steinpilz,Stahlpilz,Holzpilz,Betonpilz,1,Pflanzen
Wobei handelt es sich um eine Pflanzengattung?,1,Nachtschatten,Lidschatten,Kurschatten,Halbschatten,5,Pflanzen
Wie heißt eine bekannte Gattung der Korbblütler?,1,Gänseblümchen,Entenveilchen,Wachtelröschen,Schwanengeranien,5,Pflanzen
Eine Fleisch fressende Pflanze ist der,1,Sonnentau,Wolkenregen,Mondschnee,Nachthagel,3,Pflanzen
Nicht giftig ist …,1,die Kamille.,die Tollkirsche,der Fingerhut,der Eisenhut,10,Pflanzen
Keine Steinfrucht,1,Erdbeere,Kirsche,Pfirsich,Pflaume,9,Pflanzen
Keine Steinfrucht,1,Birne,Kirsche,Pfirsich,Pflaume,6,Pflanzen
Welche Pflanzengattung gehört zu den so genannten Dickblattgewächsen?,1,Fetthenne,Mastpute,Vollschlankgans,Feistente,10,Pflanzen
Was ist Blütenstaub?,1,Pollen,Staub auf der Blüte,Farbstoffe der Blüte,Blattlausbefall der Blüte,7,Pflanzen
Was ist kein Lamellenpilz?,1,Steinpilz,Hallimasch,Anischampignon,Knollenblätterpilz,9,Pflanzen
Was sind Rapunzeln?,1,Salate,Tomaten,Erdbeeren,Mädchen mit langen blonden Haaren,12,Pflanzen
Eine Tierart gibt es in Australien.,5,,,,,3,Tiere
Wie nennt man eine männliche Katze?,1,Kater,Erpel,Katzerich,Mauzer,7,Tiere
Was tun sowohl Ameisen als auch Honigbienen?,1,Staaten bilden,Diktatoren stürzen,Wahlen durchführen,Putschen,6,Tiere
Welches dieser Tiere ist kein Säugetier?,1,Frosch,Maus,Igel,Delfin,9,Tiere
Zu welchen Tieren gehört der Wal?,1,Säugetieren,Reptilien,Insekten,Fische,8,Tiere
Kein Geweihträger,1,Stier,Elch,Ren,Rothirsch,10,Tiere
Mauser,1,Federwechsel,Männliche Maus,Mäusefänger,Diebische Elster,7,Tiere
Kein Säugetier,1,Pinguin,Blauwal,Delfin,Fledermaus,8,Tiere
Kamel hat im Höcker …,1,Fett.,Wasser.,Junge,Navigationsorgan.,7,Tiere
Was soll mit dem Aufstellen von Bierfallen bekämpft werden?,1,Schnecken,Kleidermotten,Mäuse,Maulwürfe,7,Tiere
Wo liegt die ursprüngliche Heimat des Wellensittichs?,1,Australien,Indien,Südamerika,Afrika,10,Tiere
Kein Federtier,1,Knurrhahn,Fasan,Auerhahn,Truthahn,7,Tiere
Legt keine Eier,1,Iltis,Schnabeligel,Sumpfschildkröte,Kreuzotter,6,Tiere
Kein Süßwasserfisch,1,Thunfisch,Hecht,Regenbogenforelle,Zander,7,Tiere
Eine dieser Zuordnungen stimmt nicht,1,Kaulquappe - Forelle,Mensch - Schimpanse,Hund - Wolf,Katze - Löwe,14,Tiere
In welchem Kontinent ist das Schnabeltier zu Hause?,1,In Australien,In Amerika,In Afrika,In Asien,15,Tiere
Kein Säugetier ist der,1,Walhai,Blauwal,Pottwal,Orca,13,Tiere
Kommt frei lebend nicht in Afrika vor?,1,Tiger,Gepard,Löwe,Leopard,12,Tiere
Wohnkessel, Vorratskammer, Laufgang und Jagdgang gehören zu wessen Lebensraum?,1,Maulwurf,Borkenkäfer,Honigbiene,Ringelnatter,13,Tiere
Was gehört nicht zu den Beutetieren des Eisbären?,1,Pinguine,Seelöwen,Robben,Fische,15,Tiere
So heißt ein Vogel,1,Regenpfeifer,Sonnenpfeifer,Sturmpfeifer,Gewitterpfeifer,14,Tiere
Giraffe, Elefant, Löwe, Feldhase haben sieben Halswirbel.,1,stimmt für alle Tiere,stimmt für drei Tiere,stimmt für zwei Tiere,stimmt für ein Tier,11,Tiere
Kein Schmetterling,1,Totengräber,Ritter,Nonne,Mönch,12,Tiere
Wer gehört nicht zu den Rindermägen?,1,Schwammmagen,Pansen,Blättermagen,Labmagen,11,Tiere
Reißzähne sind besondere…?,1,Backenzähne.,Schneidezähne.,Eckzähne.,Nagezähne.,13,Tiere
Wie viele Chromosomen enthält eine menschliche Samenzelle?,1,23,46,22,44,11,Tiere
Kann als einziger heimischer Vogel am Baum kopfunter laufen,1,Kleiber,Gartenbaumläufer,Waldbaumläufer,Mauerläufer,11,Tiere
Was ist ein Ozelot?,1,Raubtier,Sportwagen,Edelstein,Medikament,13,Tiere
Bestimme den Satzteil: [*Hat*] Bayern München den Schalkern die Meisterschaft vor der Nase [*weggeschnappt*]?,5,,,,,6,Grammatik
Bestimme den Satzteil: Hat Bayern München [*den Schalkern*] die Meisterschaft vor der Nase weggeschnappt?,1,Dativobjekt,Subjekt,Prädikat,Akkusativobjekt,9,Grammatik
Bestimme den Satzteil: Hat Bayern München den Schalkern [*die Meisterschaft*] vor der Nase weggeschnappt?,1,Akkusativobjekt,Subjekt,Prädikat,Dativobjekt,7,Grammatik
Bestimme den Satzteil: Hat [* Bayern München *] den Schalkern die Meisterschaft vor der Nase weggeschnappt?,1,Subjekt,Dativobjekt,Prädikat,Akkusativobjekt,9,Grammatik
Welcher Begriff gehört *nicht* zur Addition?,5,,,,,9,Mathematik
Welcher Begriff gehört *nicht* zur Division?,1,Potenz,Divisor,Quotient,Dividend,8,Mathematik
Welches der folgenden Zeichen gehört nicht zur Mathematik?,1,KFZ-Kennzeichen,Gleichheitszeichen,Divisionszeichen,Integralzeichen,7,Mathematik
Gehört nicht zur Mathematik?,1,Konjunkturgesetz,Kommutativgesetz,Assoziativgesetz,Distributivgesetz,14,Mathematik
Gehört nicht zur Mathematik?,1,Gravitationsgesetz,Kommutativgesetz,Assoziativgesetz,Distributivgesetz,13,Mathematik
Welches Pärchen passt nicht zusammen?,1,Produkt - Divisor,Differenz - Minuend,Summe - Summand,Quotient - Dividend,14,Mathematik
Welches Pärchen passt nicht zusammen?,1,Produkt - Summand,Differenz - Minuend,Summe - Summand,Quotient - Dividend,13,Mathematik
Welche Zahl ist gemeint, wenn ein Taschenrechner 3.45 E03 anzeigt?,1,3450,3,45 Euro,345,3,45,15,Mathematik
Wie viele Ecken hat ein Trapez?,5,,,,,6,Geometrie
Wie viele Kanten hat ein Trapez?,1,vier,fünf,drei,keine,6,Geometrie
Wie viele Ecken hat ein Parallelogramm?,1,vier,fünf,drei,keine,9,Geometrie
Wie viele Kanten hat ein Parallelogramm?,1,vier,fünf,drei,keine,6,Geometrie
Wie viele Ecken hat ein Quader?,1,acht,vier,zwölf,sechs,10,Geometrie
Wie viele Kanten hat ein Quader?,1,zwölf,vier,acht,sechs,6,Geometrie
Wie viele Ecken hat ein Würfel?,1,acht,vier,zwölf,sechs,10,Geometrie
Wie viele Kanten hat ein Würfel?,1,zwölf,vier,acht,sechs,7,Geometrie
Die Diagonalen schneiden sich senkrecht beim …,1,Quadrat,Trapez,Rechteck,Dreieck,9,Geometrie
Wie viele Din-A4-Blätter kann man maximal aus einem Blatt Din-A0 schneiden?,1,16,32,8,4,10,Geometrie
Wie viele Din-A4-Blätter kann man maximal aus einem Blatt Din-A1 schneiden?,1,8,32,16,4,9,Geometrie
Wie viele Ecken hat eine Viereckspyramide?,1,fünf,vier,drei,sechs,11,Geometrie
Wie viele Ecken hat eine Dreieckspyramide?,1,vier,fünf,drei,sechs,12,Geometrie
Wie viele Kanten hat ein Dreiecksprisma?,1,neun,zwölf,drei,sechs,15,Geometrie
Wie viele Ecken hat ein Dreiecksprisma?,1,sechs,fünf,drei,vier,15,Geometrie
Wie groß ist der kleinste Winkel in einem rechtwinklig gleichschenkligen Dreieck?,1,45°,75°,60°,90°,14,Geometrie
Wie groß ist der kleinste Winkel in einem gleichseitigen Dreieck?,1,60°,120°,45°,100°,12,Geometrie
Entsteht sicher nicht beim Durchschneiden eines Kegels mit einer Ebene:,1,Hexagon,Parabel,Hyperbel,Ellipse,14,Geometrie
Tetraeder, Oktaeder, Würfel, Dodekaeder und Ikosaeder sind platonische Körper.,1,stimmt für alle,stimmt für drei davon,stimmt für vier davon,stimmt für zwei davon,11,Geometrie
30m ist genauso lang wie,1,0,030km,3000dm,3000mm,300cm,7,Umrechnung
45dm =,1,4,5m,4,5cm,4,5mm,4,5km,9,Umrechnung
23mm =,1,2,3cm,2,3dm,2,3m,0,023km,9,Umrechnung
1,3m =,1,13dm,13mm,13cm,13km,6,Umrechnung
200 cm²  =,1,2 dm²,20 dm²,0,2 dm²,0,02 dm²,12,Umrechnung
3 m²  =,1,30.000 cm²,300 cm²,3.000 cm²,300.000 cm²,12,Umrechnung
23 cm³ =,1,0,023 dm³,0,23 dm³,0,0023 dm³,2,3 dm³,12,Umrechnung
Der norwegische Naturforscher Heyerdahl hieß mit Vornamen…?,5,,,,,7,berühmt
Wie hieß das Schiff des Meeresforschers Jaques Cousteau?,1,Calypso,Titanic,Rumba,Jaquada,15,berühmt
Was gehört zu einem Magneten?,1,Nordpol und Südpol,Pluspol und Minuspol,Ostpol und Westpol,Nordkap und Südkap,4,Physik
Was ist schwerer: Ein Kilo Blei, ein Kilo Eisen oder ein Kilo Bettfedern?,1,alles gleich schwer,Bettfedern,Blei,Eisen,3,Physik
Welche Spannung hat eine normale Autobatterie?,1,12 V,24 V,6 V,4,5 V,9,Physik
Anderes Wort für Wärmeströmung…?,1,Konvektion,Konstruktion,Migration,Kondensation,8,Physik
Was nimmt man zuerst wahr, Blitz oder Donner?,1,Blitz,beides gleichzeitig,Donner,hängt vom Abstand ab,9,Physik
Wofür wird Ultraschall *nicht* benutzt?,1,Radio,Hundepfeifen,Sonografie,Echolot,11,Physik
Diese Einheit gibt es in der Physik:,1,Siemens,Nixdorf,Dell,Apple,12,Physik
Wie ist der Begriff »Arbeit« in der Physik definiert?,1,Kraft mal Weg,Leistung durch Zeit,Energie pro Masse,Impuls mal Volumen,14,Physik
Wer erfand den Blitzableiter?,1,Benjamin Franklin,Alessandro Volta,Luigi Galvani,Otto von Guericke,12,Physik
Welches dieser Gase eignet sich *nicht* für den Betrieb eines Luftschiffs?,1,Kohlendioxid,Wasserstoff,Helium,heiße Luft,11,Physik
Welchen Namen trugen zwei Sonden, die 1975 zum Mars flogen und dort landeten?,1,Viking,Orbiter,Columbia,Enterprise,11,
In welcher Einheit wird die elektrische Spannung gemessen?,1,Volt,Ohm,Ampere,Sekunden,14,Physik
In welcher Einheit wird in der Physik die Kraft gemessen?,1,Newton,Hectopascal,Ampere,Euro,13,Physik
Wenn die Amplitude steigt, wird der Ton…?,1,lauter,höher,deutlicher,schriller,13,Physik
Wenn die Frequenz steigt, wird der Ton…?,1,höher,lauter,deutlicher,schriller,15,Physik
Wenn die Frequenz sinkt, wird der Ton…?,1,tiefer,leiser,undeutlicher,angenehmer,11,Physik
Wenn die Amplitude sinkt, wird der Ton…?,1,leiser,tiefer,undeutlicher,angenehmer,13,Physik
Welcher Motor braucht keine Zündkerzen?,1,Dieselmotor,Zweitaktmotor,Viertaktmotor,Wankelmotor,14,Physik
Welches dieser Metalle ist magnetisch?,1,Kobalt,Magnesium,Kupfer,Platin,15,Physik
Welches dieser Metalle ist nicht magnetisch?,1,Kupfer,Nickel,Eisen,Kobalt,15,Physik
Was wird mit einem »Dosimeter« gemessen?,1,radioaktive Strahlung,Strömungsgeschwindigkeit,Sonnenlicht,Luftdruck,15,Physik
Nur eine Formel stimmt :,1,U = R · I,I = R · U,R = U · I,U = R / I,12,Physik
Nur eine Formel stimmt :,1,Geschwindigkeit ist Weg durch Zeit,Geschwindigkeit ist Weg mal Zeit,Geschwindigkeit ist Zeit durch Weg,Geschwindigkeit ist Zeit mal Weg,15,Physik
Zwei positiv geladene Teilchen stoßen sich ab.,1,stimmt,stimmt nicht,stimmt im Vakuum,stimmt in der Schwerelosigkeit,11,Physik
Zwei negativ geladene Teilchen stoßen sich ab.,1,stimmt,stimmt nicht,stimmt im Vakuum,stimmt in der Schwerelosigkeit,12,Physik
Ein Begriff passt hier nicht,1,Kollektor,Gitter,Anode,Kathode,15,Physik
Ein Begriff passt hier nicht,1,Kathode,Emitter,Kollektor,Basis,12,Physik
Wer gilt als Entdecker der Kernspaltung?,1,Otto Hahn,Robert Oppenheimer,Albert Einstein,Max Planck,14,Physik
Wer erfand die Luftpumpe?,1,Otto von Guericke,Thomas Edison,Antoine Lavoisier,Werner von Siemens,13,Physik
Woher stammt der Begriff »Elektron«?,1,griechisch: Bernstein,englisch: Elementarteilchen,lateinisch: Ladung,französisch: geladenes Teilchen,15,Physik
Was hält die Planeten unseres Sonnensystems auf ihren Bahnen?,1,Gravitation,Magnetismus,Starke Wechselwirkung,Himmelsmechanik,14,Physik
Welche Geschwindigkeit kann ein Körper höchstens erreichen?,1,knapp 300.000.000 m/s,etwa 30.000.000 m/s,Schallgeschwindigkeit,knapp 3.000.000.000 m/s,11,Physik
Welches dieser Teilchen hat die größte Masse?,1,Neutron,Elektron,Proton,Positron,11,Physik
Welches dieser Teilchen hat die kleinste Masse?,1,Elektron,Neutron,Proton,Myon,12,Physik
Wie viele Felder hat ein Schachbrett?,1,64,72,32,70,10,Sonstiges
Was ist das Steinhuder Meer?,1,See in Niedersachsen,Teil der Nordsee,Berg in Bayern,Nebenmeer der Ostsee,15,Sonstiges
In welcher deutschen Stadt kann man den Tierpark Hellabrunn besuchen?,1,München,Hamburg,Berlin,Bochum,8,Sonstiges
In welcher Stadt findet man die Straße »Unter den Linden«?,1,Berlin,Bonn,Bremen,Bochum,7,Sonstiges
In Bayreuth gibt es die Festspiele von welchem Komponisten?,1,Wagner,Verdi,Mozart,Beethoven,5,Sonstiges
Womit tötete David den Riesen Goliath?,1,mit einer Steinschleuder,mit einem Speer,mit seinen Händen,mit einem bösen Blick,5,Sonstiges
Wofür stehen die fünf olympischen Ringe?,1,für die Erdteile,für die wichtigsten Sportarten,für die Gipfel des Berges Olymp,für die olympischen Götter,10,Sonstiges
Wie nannte man früher einen Friseur?,1,Barbier,Polier,Kavalier,Gallier,15,Sonstiges
Wie heißt der dritte Buchstabe des griechischen Alphabets?,1,Gamma,Alpha,Beta,Delta,3,Sonstiges
In der Nähe welchen Berges soll die Arche Noah gelandet sein?,1,Ararat,Ölberg,Mount Everest,Kilimandscharo,6,Sonstiges
Wer trifft sich in Deutschland in der Walpurgisnacht?,1,Hexen,Tote,Vampire,Verliebte,6,Sonstiges
Welche italienische Stadt hat viele Wasserstraßen?,1,Venedig,Rom,Neapel,Turin,6,Sonstiges
Was machen manche Künstler aus Gips, Eisen oder Holz?,5,,,,,4,Kunst
Was bildet sich auf Kupfer?,5,,,,,5,Chemie
Welcher dieser vier Stoffe hat das größte spezifische Gewicht?,1,Blei,Aluminium,Wasser,Luft,2,Chemie
Welcher dieser vier Stoffe hat das größte spezifische Gewicht?,1,Eisen,Aluminium,Wasser,Luft,1,Chemie
Dieses Laborgerät gibt es:,1,Erlenmeyerkolben,Buchenmeyerkolben,Fichtenmeyerkolben,Tannenmeyerkolben,4,Chemie
Welche Farbe hat Schwefel bei Zimmertemperatur?,1,gelb,grün,blau,weiß,9,Chemie
Stickstoff ist nicht…?,1,explosiv,gasförmig,farblos,geschmacklos,7,Chemie
Kein Trennverfahren ist…?,1,Rühren,Filtern,Destillieren,Dekantieren,7,Chemie
Wie heißt der Vorgang, bei dem sich ein Gas im Raum ausbreitet?,1,Diffusion,Sublimation,Konfusion,Ionisierung,10,Chemie
Wofür steht NaCl?,1,Speisesalz,natürliches Chlor,Natrium,Zucker,8,Chemie
Eine chemische Reaktion ist eine…?,1,Stoffumwandlung,Mischung,Formel,Verbindung,8,Chemie
Bei Zimmertemperatur flüssig ist…?,1,Quecksilber,Gold,Silber,Zinn,10,Chemie
Was entsteht, wenn Eisen mit Schwefel direkt reagiert?,1,Eisensulfid,Eisensulfat,Eisensulfit,Eisenoxid,10,Chemie
Lithium färbt eine Flamme?,1,rot,gelb,grün,blau,10,Chemie
Natrium färbt eine Flamme?,1,gelb,rot,grün,blau,8,Chemie
Barium färbt eine Flamme?,1,grün,rot,gelb,blau,10,Chemie
Was entsteht, wenn Eisen mit Neon reagiert?,1,Eisen,Eisenneolit,Eisennetit,Eisenneotit,7,Chemie
Welches Element kommt in der Erdatmosphäre am häufigsten vor?,1,Stickstoff,Sauerstoff,Helium,Wasserstoff,8,Chemie
Kohlenwasserstoff mit drei Kohlenstoffatomen,1,Propan,Pentan,Butan,Ethan,10,Chemie
Ein Element passt nicht zu den anderen:,1,Calcium,Lithium,Natrium,Kalium,13,Chemie
Ein Element passt nicht zu den anderen:,1,Kohlenstoff,Wasserstoff,Sauerstoff,Stickstoff,13,Chemie
Welcher dieser Stoffe hat das geringste spezifische Gewicht?,1,Wasserstoff,Helium,Sauerstoff,Stickstoff,14,Chemie
Welcher dieser vier Stoffe hat das größte spezifische Gewicht?,1,Gold,Blei,Eisen,Kupfer,14,Chemie
Kein Kohlenstoff,1,Flußspat,Graphit,Diamant,Ruß,11,Chemie
Welches dieser Wörter wird im Sinne von ›Liebschaft‹ gebraucht?,1,Techtelmechtel,Tohuwabohu,Tingeltangel,Kuddelmuddel,7,Bedeutung
Wer unvoreingenommen ist und sachlich urteilt, der ist…?,1,objektiv,belichtungsmesser,auslöser,blitzgerät,8,Bedeutung
Was kann man auch statt »unmissverständlich« oder »in aller Deutlichkeit« sagen?,1,rundweg,wanderroute,fußpfad,klettersteig,8,Bedeutung
Welches Wort bedeutet so viel wie »allgemein verbreitet« oder »üblich«?,1,landläufig,bodenständig,geländegängig,stadtflüchtig,6,Bedeutung
Was macht jemand, der mit überhöhter Geschwindigkeit auf der Autobahn unterwegs ist?,1,kacheln,fliesen,ziegeln,klinkern,8,Bedeutung
Welche Militäreinheit reitet auf Pferden?,1,Kavallerie,Marine,Infanterie,Panzergrenadiere,1,Fremdwörter
Was ist ein Vakuum?,1,luftleerer Raum,Metallstange,Zahnfüllung,Plastiktüte,4,Fremdwörter
Wie nennt man das Sehrohr von U - Booten?,1,Periskop,Mikroskop,Teleskop,Horoskop,6,Fremdwörter
Wie nennt man die Fangarme einer Qualle auch noch?,1,Tentakel,Tarantel,Mirakel,Spektakel,6,Fremdwörter
Wie nennt man ein Bild, bei dem viele kleine Papierstückchen übereinander geklebt werden?,1,Collage,Kollege,Korsett,Kokosett,10,Fremdwörter
Wie nennt man die Dame, die unsicheren Schauspielern den Text zuflüstert?,1,Souffleuse,Tippse,Fritteuse,Kombüse,10,Fremdwörter
Wie nennt man einen Heißluftballon auch?,1,Montgolfiere,Gondel,Sportballon,Buckingham,7,Fremdwörter
Was plausibel ist, verdient - zumindest der Wortherkunft nach…?,1,Beifall,Bewunderung,Mitleid,keinerlei Beachtung,9,Fremdwörter
Im Bereich der Neonatologie sind die Patienten in der Regel…?,1,sehr jung,stark übergewichtig,privat versichert,Allergiker,8,Fremdwörter
Wie nennt man einen Tierarzt?,1,Veterinär,Vegetarier,Veganer,Vetter,12,Fremdwörter
Was ist ein Matador?,1,Stierkämpfer,Schiedsrichter,Gebetshaus,Indianerstamm,12,Fremdwörter
Wie nennt man die asiatischen Taxis auf zwei Rädern, die von Menschen gezogen werden?,1,Rikscha,Pascha,Datscha,Maharadscha,11,Fremdwörter
Wofür braucht man einen Seismografen?,1,Messen von Erdbeben,Erkennen einer Lüge,Deutung von Handschrift,Verändern der Tonhöhe,14,Fremdwörter
Der schiefe Turm von…?,1,Pisa,Neapel,Torin,Mailand,3,Orte
Wo steht das Schokoladenmuseum?,1,Köln,Düsseldorf,Bonn,Paderborn,3,Orte
In welchem amerikanischen Bundesstaat wohnte Elvis Presley?,1,Tennessee,Texas,Hawai,Alaska,15,Orte
Welche Figur in der Sesamstraße nascht gerne?,1,Krümelmonster,Samson,Grobi,Fienchen,3,Fernsehen
Wie heißen die ZDF-Zwerge?,1,Mainzelmännchen,Heinzelmännchen,Die Sieben Zwerge,Mondmännchen,2,Fernsehen
Wie nennt man die Trennwand zwischen Brust- und Bauchhöhle?,1,Zwerchfell,Königsmuskel,Prinzenrolle,Riesenhaut,12,Medizin
Was ist hier falsch?,1,Meißel,Amboss,Hammer,Steigbügel,12,Medizin
Wo liegt der Siedepunkt von Wasser bei normalem Luftdruck?,1,100°C,120°C,90°C,80°C,9,Physik
Wer erfand die Glühbirne?,1,Thomas Edison,James Watt,Alessandro Volta,André Ampere,11,Physik
Was löst der Bibel zufolge eine Massenkeilerei mit 3.000 Toten aus?,5,,,,,5,Religion
Wann kommen die Heiligen Drei Könige?,1,Am 6. Januar,Am 31. Dezember,Am 11. November,Am 6. Dezember,5,Religion
Mit welchen Worten beginnt das »Ave Maria«?,1,Gegrüßest seist du,Hi!,Wie geht's?,Danke, gut.,3,Religion
Wann kommt der Nikolaus?,1,Am 6. Dezember,Am 31. Dezember,Am 11. November,Am 6. Januar,9,Religion
Wie hieß der (weltliche) Vater von Jesus?,1,Josef,Johannes,Petrus,Simon,7,Religion
Wie heißen die Söhne von Isaak aus dem Alten Testament?,1,Jakob und Esau,Abraham und Hiob,Kain und Abel,Lukas und Simon,9,Religion
Wo wurde Jesus geboren?,1,Bethlehem,Nazareth,Jerusalem,Ninive,8,Religion
Was nennt der gläubige Katholik Marienmonat?,1,Mai,März,April,Dezember,8,Religion
Welches Geschenk brachten die Weisen aus dem Morgenland *nicht* mit?,1,Salz,Weihrauch,Gold,Myrrhe,9,Religion
Keiner der Heiligen Drei Könige hieß …,1,Johannes,Caspar,Melchior,Balthasar,6,Religion
Keiner der Heiligen Drei Könige hieß …,1,Pilatus,Caspar,Melchior,Balthasar,8,Religion
Keiner der Heiligen Drei Könige hieß …,1,Herodes,Caspar,Melchior,Balthasar,9,Religion
Keiner der Heiligen Drei Könige hieß …,1,Augustus,Caspar,Melchior,Balthasar,6,Religion
Womit tötete David den Riesen Goliath?,1,Mit einer Steinschleuder,Mit einem Speer,Mit seinen bloßen Händen,Mit Pfeil und Bogen,6,Religion
Wie nennt man die Angehörigen der evangelischen Kirche auch noch?,1,Protestanten,Ministranten,Demonstranten,Intriganten,9,Religion
Welchen Beruf übte Jesus aus?,1,Zimmermann,Maurer,Fischer,Zöllner,8,Religion
In welches Land flüchteten Josef, Maria und Jesus?,1,Ägypten,Syrien,Judäa,Galiläa,8,Religion
Welches Tier ist ein christliches Opfertier?,1,Lamm,Hahn,Kaninchen,Hase,7,Religion
Wie heißt der Berg der Zehn Gebote?,1,Sinai,Ararat,Mount Everest,Ölberg,9,Religion
In welchem Fluss wurde Jesus von Johannes getauft?,1,Jordan,Nil,Tiber,Ganges,9,Religion
Welche Religion ist heute in Ägypten vorherrschend?,1,Islam,Christentum,Judentum,Hinduismus,10,Religion
Wann beginnt das bei den Katholiken das Kirchenjahr?,1,Am 1. Advent,Am Ostermontag,Am 1. Januar,Am 24. Dezember,6,Religion
Aus welcher Religion stammt der Begriff »Imam«?,1,Islam,Hinduismus,Protestantismus,Buddhismus,10,Religion
Aus welcher Religion stammt der Begriff »Guru«?,1,Hinduismus,Islam,Protestantismus,Buddhismus,10,Religion
Welcher Name verbirgt sich hinter dem Pseudonym »Junker Jörg«?,1,Martin Luther,Jörg von Berlichingen,Jörg Pilawa,Karl der Große,15,Religion
In welcher Religion findet man den Gott »Brahma«?,5,Moses,Salomo,Abraham,Jesaja,13,Religion
Welcher Engel verkündete Maria, dass sie einen Sohn bekommen werde?,1,Gabriel,Michael,Raphael,Nathanael,15,Religion
In welchem Weihnachtslied lacht »Owi«?,1,Stille Nacht,Ihr Kinderlein kommet,O Tannenbaum,Es ist ein Ros' entsprungen,13,Religion
In welcher Religion streben die Gläubigen ihre Erlösung im Nirwana an?,1,Buddhismus,Islam,Christentum,Judentum,13,Religion
Was bedeutet das Wort »Spekulatius«?,1,Bildbrot,Speckkuchen,Spezialität (ital.),Weihnachtskuchen für Reiche,13,Religion
Was bedeutet der lateinische Begriff »Agnus Dei«?,1,Lamm Gottes,Vertrauter Gottes,Sohn Gottes,Untertan Gottes,15,Religion
Nicht zu den zwölf Aposteln gehörte,1,Benedikt,Thomas,Andreas,Bartholomäus,12,Religion
Was bedeutet die Abkürzung HBF?,5,,,,,7,Eisenbahn
Wie nennt man auf Bahnhöfen die Plattform entlang der Gleise?,1,Bahnsteig,Zugsteig,Bürgersteig,Loksteig,9,Eisenbahn
Wofür steht die Abkürzung ICE?,1,Intercityexpress,Irre coole Eisenbahn,International Civilisation Economy,Intercloudenemy,10,Eisenbahn
Wie hieß die erste Dampflokomotive in Deutschland?,1,Adler,Geier,Möwe,Falke,9,Eisenbahn
Wo befindet sich bei einer Dampflok das Wasser ?,1,Kessel,Schüssel,Wanne,Tender,8,Eisenbahn
Die Bahn hat an Bahnübergängen immer Vorfahrt, weil…?,1,Züge nicht so schnell bremsen können wie Autos.,sie mehr Insassen hat.,sie größer und stärker sind.,Lokführer früher oft fehlsichtig waren.,15,Eisenbahn
Was hat der Arzt in der Andenbahn zwischen Lima und Galera, die ca. 5.000m hoch führt, stets in seinem Gepäck?,1,ein Sauerstoffgerät,eine Bergsteigerausrüstung,eine Gletscherbrille,einen Fallschirm,13,Eisenbahn
Zwischen welchen beiden Städten wurde 1835 die erste Eisenbahnstrecke in Deutschland eröffnet?,1,Nürnberg - Fürth,Dortmund - Bochum,Leipzig - Dresden,Berlin - Potsdam,15,Eisenbahn
Wo wurde 1890 die erste elektrische U-Bahn der Welt eröffnet?,1,in London,in Moskau,in Paris,in Berlin,12,Eisenbahn
Welches Land besitzt das kleinste Eisenbahnnetz der Welt?,1,Vatikan,Bolivien,Luxemburg,Dänemark,14,Eisenbahn
Wo befindet sich der höchstgelegene Bahnhof der Welt?,1,Peru,USA,Nepal,Schweiz,14,Eisenbahn
Wen wollte Rotkäppchen besuchen?,1,Oma,Opa,Onkel,Tante,10,Märchen
Wen traf das Rotkäppchen im Wald?,1,Wolf,Fuchs,Tiger,Jäger,7,Märchen
Wer befreite das Rotkäppchen?,1,Jäger,Mutter,Oma,Prinz,7,Märchen
Wer hilft Aschenputtel bei den von ihrer Stiemutter aufgetragenen Strafarbeiten?,1,Tauben,ihr Freund,Katzen,ihre Stiefschwestern,9,Märchen
In welchem Märchen schlief ein ganzes Königreich?,1,Dornröschen,Däumeling,Schneewittchen,König Drosselbart,6,Märchen
Dornröschen wurde durch … aufgeweckt?,1,einen Kuss,einen Wecker,eine Hexe,einen Zwerg,6,Märchen
Was geschieht auf der Erde, wenn Frau Holle die Betten schüttelt?,1,Es schneit.,Es stürmt.,Die Sonne scheint.,Es regnet.,8,Märchen
Wie heißt ein Märchen? Der … Kater,1,gestiefelte,verzauberte,einsame,schöne,7,Märchen
Wie viele Söhne hatte der Müller in dem Märchen »Der gestiefelte Kater«?,1,drei,einen,zwei,sieben,10,Märchen
Was bekam der jüngste Sohn in dem Märchen »Der gestiefelte Kater«?,1,einen Kater,die Mühle,einen Esel,einen Klumpen Gold,8,Märchen
Glücksmarie und Pechmarie kamen durch … zu Frau Holle?,1,einen Brunnen,eine dunkle Höhle,ein goldenes Tor,eine Drehtür,9,Märchen
Was bekam der mittlere Sohn in dem Märchen »Der gestiefelte Kater«?,1,einen Esel,einen Kater,die Mühle,einen Klumpen Gold,8,Märchen
Was bekam der älteste Sohn in dem Märchen »Der gestiefelte Kater«?,1,die Mühle,einen Klumpen Gold,einen Esel,einen Kater,9,Märchen
In welchem Märchen verbringt die böse Stiefmutter viel Zeit vor dem Spiegel?,1,Schneewittchen,Rumpelstilzchen,Sterntaler,Frau Holle,9,Märchen
In welchem Märchen gibt es sprechende Brote?,1,Frau Holle,Rumpelstilzchen,Sterntaler,Der gestiefelte Kater,10,Märchen
In welchem Märchen kommen Lebkuchen vor?,1,Hänsel und Gretel,Rotkäppchen,Schneewittchen,Aschenputtel,7,Märchen
Wer konnte Stroh zu Gold spinnen?,1,Rumpelstilzchen,Rotkäppchen,Rapunzel,Dornröschen,10,Märchen
Wer ist *kein* Bremer Stadtmusikant?,1,Frosch,Katze,Hund,Hahn,7,Märchen
Wer ist *kein* Bremer Stadtmusikant?,1,Ziege,Katze,Hund,Hahn,10,Märchen
Wer ist *kein* Bremer Stadtmusikant?,1,Maus,Katze,Hund,Hahn,9,Märchen
Wie heißt ein Märchen? Schneeweischen und …,1,Rosenrot,Schneeglöckchen,Rosenglück,Rabenschwarz,7,Märchen
Wie heißt ein Märchen? Von einem, der auszog, das … zu lernen,1,Fürchten,Lachen,Kämpfen,Zaubern,9,Märchen
Wie heißt ein Märchen? Die Prinzessin auf der …,1,Erbse,Bohne,Tomate,Gurke,6,Märchen
Wie heißt ein Märchen? Die … Stadtmusikanten,1,Bremer,Hamburger,Bonner,Berliner,6,Märchen
Wie heißt ein Märchen? König …,1,Drosselbart,Amselbart,Meisenbart,Spatzenbart,8,Märchen
Welches Märchen beginnt, bevor die Titelfigur überhaupt geboren ist?,1,Dornröschen,Rotkäppchen,Aschenputtel,Frau Holle,7,Märchen
Welche dieser Märchenfiguren wird am Ende nicht von einem Königssohn geheiratet?,1,Rotkäppchen,Aschenputtel,Dornröschen,Schneewittchen,7,Märchen
Womit kann man ›des Kaisers neue Kleider‹ am besten beschreiben?,1,unsichtbar,ungenießbar,unbezahlbar,unheimlich,10,Märchen
Welcher Koch reicht mit seiner Nase kaum bis an den Herd?,1,Zwerg Nase,Pinocchio,Däumeling,Rumpelstilzchen,9,Märchen
In welchem Märchen sagt die Ziege: »Ich bin so satt, ich mag kein Blatt !«?,1,Tischlein deck dich,Händel und Gretel,Bremer Stadtmusikanten,Frau Holle,8,Märchen
Wer besaß eine ›geisterhafte‹ Lampe?,1,Aladin,Aschenputtel,Ali Baba,König Drosselbart,8,Märchen
Wo versteckte sich das jüngste Geißlein?,1,in der Wanduhr,im Schrank,im Bett,in der Waschmaschine,13,Märchen
Wie viele Stiefschwestern hatte Aschenputtel?,1,zwei,drei,vier,eine,13,Märchen
Wie heißt der Bräutigam von Jorinde?,1,Joringel,Jochen,Johannes,Jokurt,14,Märchen
Wer muss ein Vogel bleiben, weil er das Zauberwort vergaß?,1,Kalif Storch,Zwerg Nase,Der kleine Muck,König Drosselbart,15,Märchen
In welchem Märchen verkleidet sich ein König als Bettler?,1,König Drosselbart,Kalif Storch,Der Froschkönig,Der gestiefelte Kater,12,Märchen
Was sang Rumpelstilzchen? »Heute back ich, morgen … !«,1,brau ich,brat ich,koch ich,toast ich,11,Märchen
Wer hilft dem Fischer in  »Der Fischer und seine Frau«?,1,Butt,Aal,Hering,Forelle,12,Märchen
Der kleine Muck konnte sehr schnell reisen, denn er hatte…?,1,Zauberpantoffeln.,einen fliegenden Teppich.,Siebenmeilenstiefel.,Zaubersandalen.,12,Märchen
Wie heißt die Frau des Fischers in  »Der Fischer und seine Frau«?,1,Ilsebill,Isolde,Irmgard,Kunigunde,12,Märchen
Wie heißt der Hund der Bremer Stadtmusikanten?,1,Packan,Knurrlaut,Harro,Beißfest,15,Märchen
Im Sommer … Herr Maier jedes Wochende durchs Sauerland.,1,wandert,schleicht,trippelt,klettert,8,Wortfeld_gehen
Vorsichtig … der Einbrecher über die Gartenmauer.,1,kletterte,rannte,trippelte,raste,11,Wortfeld_gehen
Mit einem Riesensatz … das Pferd über das Hindernis.,1,sprang,trödelte,rannte,hüpfte,13,Wortfeld_gehen
Auf dem Tisch … ein Maikäfer herum.,1,krabbelte,sauste,spazierte,marschierte,11,Wortfeld_gehen
Schnell … die Kinder nach der Schule zum Bus.,1,sausten,spazierten,fuhren,kletterten,13,Wortfeld_gehen
Heimlich … Yasemin nach dem Kino in ihr Zimmer.,1,schlich,ging,marschierte,rannte,14,Wortfeld_gehen
Jessica … gemütlich über den Schulhof.,1,schlenderte,rannte,stürmte,trippelte,12,Wortfeld_gehen
Gestern … Martin auf dem Schulweg und kam zu spät.,1,trödelte,stürmte,rannte,raste,12,Wortfeld_gehen
Montags … die Schützen zur Vogelstange.,1,marschieren,schleichen,rennen,klettern,13,Wortfeld_gehen
Vorsichtig … Frau Meier mit ihren Stöckelschuhen über die Straße.,1,trippelte,rannte,marschierte,schlenderte,15,Wortfeld_gehen
Nach dem Abendessen … die Eltern noch ein wenig durch das Viertel.,1,bummelten,rannten,schlichen,kletterten,13,Wortfeld_gehen
Stolz … der Hahn auf dem Hühnerhof herum.,1,spazierte,rannte,zockelte,schlich,14,Wortfeld_gehen
Mit dem Superzeugnis in der Hand … Heike ins Wohnzimmer.,1,stürmte,ging,schlich,trödelte,15,Wortfeld_gehen
Nach dem schmerzhaften Sturz vom Rad … Martin nach Hause.,1,humpelte,marschierte,rannte,raste,15,Wortfeld_gehen
Mit letzter Kraft … der Verletzte aus dem Auto.,1,schleppte sich,schlich,spazierte,stieg,12,Wortfeld_gehen
Vorsichtig … Herr Koch die Kellertreppe hinab.,1,stieg,stürmte,rannte,hüpfte,11,Wortfeld_gehen
Arm in Arm mit ihrem Freund .. Anke über die Kirmes.,1,bummelte,rannte,schlich,sauste,13,Wortfeld_gehen
Julia … ahnungslos in die Falle, die Georg ihr gestellt hatte.,1,tappte,ging,marschierte,spazierte,11,Wortfeld_gehen
Was kommt bei bestimmten Persönlichkeitstests zum Einsatz?,1,Klecksografien,Spritzogramme,Schmutzorhythmen,Fleckometer,6,Psychologie
Angst vor Spinnen?,1,Arachnophobie,Klaustrophobie,Xenophobie,Bibliophobie,13,Psychologie
Angst vor Hunden?,1,Kynophobie,Klaustrophobie,Xenophobie,Arachnophobie,13,Psychologie
Angst vor Tieren?,1,Zoophobie,Klaustrophobie,Xenophobie,Arachnophobie,14,Psychologie
Wie nennt man es, wenn sich das Zwerchfell ruckartig zusammenzieht?,1,Schluckauf,Niesen,Schluckab,Gähnen,2,Humanbiologie
Wie nennt man es, wenn sich das Zwerchfell ruckartig zusammenzieht?,1,Schluckauf,Niesen,Schluckab,Gähnen,2,Humanbiologie
Wie nennt man es, wenn man Luft aus dem Magen wieder durch die Speiseröhre ausstößt?,1,rülpsen,niesen,gähnen,schnarchen,1,Humanbiologie
Was verbindet Rachen und Mageneingang?,1,Speiseröhre,Nahrungsschacht,Essenskanal,Futterbrücke,6,Humanbiologie
Was schützt das Ohr vor Schmutz und Bakterien?,1,Ohrenschmalz,Ohrenmargarine,Ohrenbutter,Ohrenöl,6,Humanbiologie
Welcher Finger hat nur zwei Glieder?,1,Daumen,Zeigefinger,Mittelfinger,der kleine Finger,8,Humanbiologie
Welches Organ kann man als »Waschmaschine für das Blut« bezeichnen?,1,Nieren,Lunge,Magen,Herz,9,Humanbiologie
Was hat man, wenn sich ein Muskel zusammengezogen hat und sich nicht wieder auseinander ziehen lässt?,1,Krampf,Muskelkater,Hexenschuss,Verdauung,8,Humanbiologie
Wie nennt man unverdauliche Bestandteile der Nahrung, die die Verdauung fördern?,1,Ballaststoffe,Vitamine,Nährstoffe,Kohlenhydrate,7,Humanbiologie
Welcher Teil des Körpers ist vollkommen schmerzunempfindlich?,1,Gehirn,Darm,Herz,Muskeln,6,Humanbiologie
Was hilft bei der Regulierung des Körperwachstums?,1,Schilddrüse,Talgdrüse,Bauchspeicheldrüse,Speicheldrüse,12,Humanbiologie
Wie nennt man die Polster zwischen den einzelnen Wirbeln?,1,Bandscheiben,Drehgelenke,Schnurscheiben,Dornfortsätze,14,Humanbiologie
Wie heißt der Ringmuskel, der den Nahrungsbrei aus dem Magen in den Darm drückt?,1,Pförtner,Türsteher,Drücker,Wächter,12,Humanbiologie
Wozu benötigt der Körper den Mineralstoff Eisen?,1,zur Blutbildung,zur Erkältungsabwehr,zur Zellerneuerung,zum Nagelwachstum,12,Humanbiologie
Welche dieser Zellen haben die längste Lebensdauer?,1,Nervenzellen,Hautzellen,Leberzellen,Blutzellen,14,Humanbiologie
Wie heißt der kleinste Muskel des Körpers?,1,Steigbügelspanner,Daumenspanner,Ellenbogenspanner,Augenbrauenlifter,12,Humanbiologie
Wo liegt der kleinste Muskel des Körpers?,1,im Ohr,in der Hand,im Auge,im Fuß,11,Humanbiologie
Was sondert der Körper an entzündeten Stellen ab?,5,,,,,5,Krankheiten
Was ist bei Kindern die häufigste chronische Krankheit?,1,Asthma,Röteln,Windpocken,Masern,7,Krankheiten
Was wird man, wenn es im Gehirn kurzfristig zu einer Durchblutungsstörung kommt?,1,ohnmächtig,albern,munter,stark,9,Krankheiten
Was hilft gegen Kopfschmerzen?,1,Acetylsalicylsäure,Ameisensäure,Aminosäure,Ascorbinsäure,8,Krankheiten
Wie heißt eine eitrige Entzündung am Augenlid?,1,Gerstenkorn,Maiskorn,Weizenkorn,Roggenkorn,7,Krankheiten
Was hilft sicher nicht gegen Covid-19?,1,Party machen,Maske tragen,Abstand halten,Hände waschen,7,Krankheiten
Was wird auch als »Trisomie 21« bezeichnet?,1,Down-Syndrom,Bluterkrankheit,Mukoviszidose,Glasknochenkrankheit,8,Krankheiten
Wie heißen die Eiweißverbindungen, die bei der Bekämpfung von Krankheitserregern helfen?,1,Antikörper,Makrophagen,Hämoglobin,Mikroplasmen,15,Krankheiten
Welche Krankheit kann man bekommen, wenn die Bauchspeicheldrüse nicht mehr richtig funktioniert?,1,Diabetes,Dabolo,Diogenes,Diarama,11,Krankheiten
Was ist eine Angina?,1,eine Halsentzündung,eine Entzündung der Herzkammer,eine Verstauchung des Fußknöchels,eine Blinddarmentzündung,11,Krankheiten
Wie heißt eine Halsentzündung, bei der vor allem die Mandeln betroffen sind?,1,Angina,Grippe,Erkältung,Bronchitis,15,Krankheiten
Was ist Seitenstechen?,1,ein Krampf im Zwerchfell,eine Schutzimpfung,eine Art Akupunktur,zu hoher Blutdruck,12,Krankheiten
Wie nennt man eine überempfindliche Reaktion des Körpers gegen bestimmte Stoffe?,1,Allergie,Bronchitis,Anämie,Leukämie,14,Krankheiten
Wie heißt die Krankheit, die das Gehirn befällt und dort einen schleichenden Verfall bewirkt?,1,Alzheimer,Tuberkulose,Diabetes,Meningitis,12,Krankheiten
Wie nennt man durch Viren hervorgerufene Hautwucherungen, die ansteckend sein können?,1,Warzen,Pickel,Muttermale,Eiterbeulen,14,Krankheiten
Wie heißt die Gehirnkrankheit, bei der es zu plötzlicher Bewusstlosigkeit, Krämpfen und Gliederzucken kommt?,1,Epilepsie,Diabetis,Leukämie,Aids,15,Krankheiten
Was tritt meist bei Klein- und Grundschulkindern auf?,1,Hüftschnupfen,Genickheiserkeit,Knöchelhusten,Schulterfieber,11,Krankheiten
Was ist Leukämie?,1,die krankhafte Vermehrung der weißen Blutkörperchen,eine Entzündung der Bauchspeicheldrüse,die krankhafte Vermehrung der roten Blutkörperchen,die Verdickung der Gallenblase,13,Krankheiten
Was ist Akne?,1,eine Hauterkrankung,Entzündung der Bauchspeicheldrüse,die Umwandlung roter Blutkörperchen,eine Haarerkrankung (Haarausfall),14,Krankheiten
Was ist eine Epidemie?,1,die schnelle Ausbreitung einer Infektionskrankheit,eine ansteckende Hautkrankheit,eine vorbeugende Schutzimpfung,langsames Ansteigen der Körpertemperatur,13,Krankheiten
Wie nennt man einen »einbildeten Kranken«?,1,Hypochonder,Hysteriker,Hypnotiseur,Historiker,13,Krankheiten
Was ist eine Embolie?,1,Verschluss eines Blutgefäßes,Erhöhung der Atemfrequenz,Entzündung des Magen- Darmtraktes,Verkalkung der Blutgefäße,13,Krankheiten
Wann ist einem Schlager zufolge »alles vorbei«?,1,Aschermittwoch,Brandsonntag,Qualmsamstag,Rußfreitag,2,Kalender
Welcher Monat liegt zwischen März und April?,1,keiner,Mai,Juni,Februar,4,Kalender
Welcher Monat liegt zwischen Juli und September?,1,August,Oktober,Juni,Januar,1,Kalender
Welcher Monat kommt vor dem Januar?,1,Dezember,Februar,November,März,3,Kalender
Wie oft gibt es den 28. Februar?,1,jedes Jahr,alle vier Jahre,alle 100 Jahre,überhaupt nicht,1,Kalender
Wie oft gibt es den 31. Februar?,1,überhaupt nicht,alle vier Jahre,alle 100 Jahre,jedes Jahr,6,Kalender
Tierkreiszeichen,1,Waage,Messer,Spiegel,Bürste,10,Kalender
Tierkreiszeichen,1,Fische,Hähne,Hunde,Elefanten,9,Kalender
Welche aufeinanderfolgenden Monate begannen 2015 jeweils mit einem Sonntag?,1,Februar und März,Januar und Februar,März und April,April und Mai,10,Kalender
Wie oft gibt es den 29. Februar?,1,alle vier Jahre,jedes Jahr,alle 100 Jahre,überhaupt nicht,9,Kalender
In welchem Monat ist Muttertag?,1,im Mai,im Juni,im Juli,im Februar,10,Kalender
Wo beginnt das Neue Jahr zuerst?,1,Australien,Neuseeland,Japan,Frankreich,8,Kalender
Wo beginnt das Neue Jahr zuerst?,1,Tokio,Australien,Moskau,London,6,Kalender
Welche beiden aufeinanderfolgenden Monate haben 31 Tage?,1,Juli und August,März und April,April und Mai,Mai und Juni,8,Kalender
Wie oft fällt der 31. April auf einen Sonntag?,1,nie,alle sieben Jahre,alle neun Jahre,alle zwölf Jahre,7,Kalender
Wie viele Monate hat ein Jahr in  England?,1,12,10,20,8,9,Kalender
In welchem Monat kommen die drei Eisheiligen?,1,im Mai,im November,im Januar,im Dezember,15,Kalender
Was passiert in einem Schaltjahr?,1,Es kommt ein Tag hinzu.,Es ist eine Woche kürzer.,Die Uhren werden umgestellt.,gar nichts,13,Kalender
In welchem Monat ist der Valentinstag?,1,im Februar,im März,im April,im Mai,13,Kalender
Wann ist Ostern?,1,Am ersten Sonntag nach dem ersten Vollmond nach Frühlingsanfang,Am ersten Sonntag im April, der ein ungerades Datum hat.,Am ersten Sonntag im März,Am dritten Sonntag im März,12,Kalender
Wann ist Muttertag?,1,Am zweiten Sonntag im Mai,Am letzten Sonntag im Mai,Am ersten Sonntag im Mai,Am letzten Sonntag im April,11,Kalender
Wie nennt man den Storch in einer Fabel?,1,Adebar,Langbein,Isegrimm,Lampe,7,Fabel
Welches Tier ist »Adebar« in einer Fabel?,1,der Storch,der Fuchs,der Wolf,der Hase,10,Fabel
Welches Tier ist »Petz« in einer Fabel?,1,der Bär,der Fuchs,der Wolf,der Hase,6,Fabel
Welches Tier ist »Lampe« in einer Fabel?,1,der Hase,der Fuchs,der Wolf,der Bär,7,Fabel
Welches Tier ist »Isegrimm« in einer Fabel?,1,der Wolf,der Fuchs,der Hase,der Bär,7,Fabel
Wie nennt man den Hasen in einer Fabel?,1,Meister Lampe,Meister Adebar,Isegrimm,Meister Petz,9,Fabel
Wie nennt man den Wolf in einer Fabel?,1,Isegrimm,Meister Adebar,Meister Lampe,Meister Petz,6,Fabel
Wie nennt man den Bär in einer Fabel?,1,Meister Petz,Isegrim,Grimbart,Meister Lampe,7,Fabel
Wie nennt man den Fuchs in einer Fabel?,1,Reinecke Fuchs,Bruder Fuchs,Gevatter Fuchs,Meister Fuchs,7,Fabel
In Fabeln gilt der Esel oft als…?,1,störrisch und faul,treu und gutherzig,eitel und dumm,listig und schlau,9,Fabel
In Fabeln gilt der Fuchs oft als…?,1,listig und schlau,treu und gutherzig,eitel und dumm,störrisch und faul,7,Fabel
In Fabeln gilt der Rabe oft als…?,1,eitel und dumm,treu und gutherzig,listig und schlau,störrisch und faul,9,Fabel
In Fabeln gilt der Hund oft als…?,1,treu und gutherzig,eitel und dumm,listig und schlau,störrisch und faul,9,Fabel
In Fabeln gilt der Elefant oft als…?,1,geduldig und großzügig,eitel und dumm,listig und schlau,störrisch und faul,10,Fabel
In Fabeln gilt der Hahn oft als…?,1,stolz und unvorsichtig,eitel und dumm,listig und schlau,störrisch und faul,9,Fabel
In Fabeln gilt der Pfau oft als…?,1,stolz und hochmütig,eitel und dumm,listig und schlau,störrisch und faul,10,Fabel
In Fabeln gilt der Bär oft als…?,1,ungeschickt und dumm,eitel und stolz,listig und schlau,störrisch und faul,7,Fabel
Wo gilt manchmal »Der Stolze geht an seinem eigenen Hochmut zugrunde«?,1,Fabel,Komödie,Lustspiel,Musical,9,Fabel
Wo gilt manchmal »Der vermeintlich Schwache besiegt wider Erwarten den Starken«?,1,Fabel,Komödie,Lustspiel,Musical,9,Fabel
Wo gilt manchmal »Der Habgierige verliert in seiner Gier auch das, was er schon hat«?,1,Fabel,Komödie,Lustspiel,Musical,8,Fabel
Wo gilt manchmal »Der Übermütige überschreitet seine Grenzen und wird dafür bestraft«?,1,Fabel,Komödie,Lustspiel,Musical,10,Fabel
Was wurde früher zur Beförderung eiliger Nachrichten oft eingesetzt?,1,Brieftauben,Briefschweine,Briefhunde,Briefkutschen,4,Verkehr
Wer baute in Deutschland das erste erfolgreiche lenkbare Luftschiff?,1,Graf Zeppelin,Graf Zampano,Graf Zipperlein,Fürst Pückler,7,Verkehr
In welcher deutschen Stadt werden Volkswagen gebaut?,1,Wolfsburg,Audiburg,Erfurt,Volkswagenburg,8,Verkehr
Wie nennt man die Besatzung eines Flugzeuges?,1,Crew,Mannschaft,Team,Group,6,Verkehr
Wer muss am Fußgängerüberweg nicht anhalten?,1,Straßenbahn,Traktor,Paketbote,Fahrschüler,6,Verkehr
Wie hieß der »Volkswagen« der DDR?,1,Trabant,Hydrant,Sextant,Wartburg,8,Verkehr
Wofür stehen die Buchstaben ADAC?,1,Automobilclub,moderner Tanz,Erster Computer,Heavy Metal Band,6,Verkehr
Wie viel Liter Rohöl werden als Einheit zu einem Barrel zusammengefasst?,1,159 Liter,185 Liter,125 Liter,236 Liter,14,Verkehr
Der Namenspatron welchen Unternehmens war bei der Firmengründung schon seit 60 Jahen tot?,1,Tesla,Chrysler,Fiat,Toyota,10,Verkehr
Einer EU-Verordnung zufolge müssen neue Elektroautomodelle seit Juli 2019…?,1,künstliche Geräusche machen,grüne Kennzeichen haben,jährlich zum TÜV,Abgase erzeugen,13,Verkehr
Das ›Blaue Band‹ wird für die schnellste Atlantiküberquerung mit einem … vergeben.,1,Passagierschiff,Flugzeug,Segelschiff,Ballon,15,Verkehr
Wie nennt man die Lagebesprechung mit der gesamten Flugzeugcrew vor dem Abflug?,1,Briefing,Crewing,Talking,Holding,11,Verkehr
Welches waren die ersten bemannten Luftfahrzeuge?,1,Heißluftballons,Segelflugzeuge,Zeppeline,Leichtbauflugzeuge,12,Verkehr
Welche dieser Buchstabenkombinationen kann als KFZ-Kennzeichen hierzulande nicht vergeben werden…?,1,GR - ÜN,RO - T,GE - LB,BL - AU,12,Verkehr
Wie nennt man den Gewinn, den eine Aktiengesellschaft periodisch an die Aktionäre ausschüttet?,1,Dividende,Ziehende,Riechende,Kriechende,7,Wirtschaft
Was ist in der Regel größer: Umsatz oder Gewinn?,1,Umsatz,Gewinn,hängt vom Steuersatz ab,kein Unterschied,6,Wirtschaft
Wo begann die Industrialisierung?,1,Großbritannien,Ruhrgebiet,Flandern,Frankreich,6,Wirtschaft
Wie heißt der Gründer von Microsoft?,1,Bill Gates,Jeff Bezos,Jewgenij Kasperski,Martin Winterkorn,12,Wirtschaft
Welche Erfindung gilt als Ausgangspunkt der Industrialisierung?,1,Dampfmaschine,Lithiumbatterie,Dieselmotor,Eisenbahn,12,Wirtschaft
Wie heißen die Gründer von Google?,1,Larry Page und Sergej Brin,Marc Andreesen und James Clark,David Filo und Jerry Yang,Natalja und Jewgenij Kasperski,12,Wirtschaft
Was ist ein CEO?,1,Chief Executive Officer,Chief Expert Officer,Chief Economic Officer,Chief Education Officer,14,Wirtschaft
